trip_duration_days,miles_traveled,total_receipts_amount,m/d,r/d,r^2,m^2,d*m,d^2*m^2,log(d*r),log(m*r),log(r),cents_bug_flag,is_more_than_5_day_trip_flag,is_5_day_trip_flag,is_8_day_trip_flag,expected_output,predicted_output,prediction_error,Set,prediction_error_linear
3,121.0,21.17,40.333333333333336,7.0566666666666675,448.16890000000006,14641.0,363.0,131769.0,4.151197373814884,7.848375630743515,3.0525850851467737,0,0,0,0,464.07,387.29898,76.77101928710937,Test,74.7946633018932
5,794.0,511.0,158.8,102.2,261121.0,630436.0,3970.0,15760900.0,7.845807502637805,12.91345305145084,6.236369590203704,0,1,1,0,1139.94,1039.6099,100.33013671875005,Test,23.760451105679294
5,595.0,863.93,119.0,172.786,746375.0448999999,354025.0,2975.0,8850625.0,8.37092965943746,13.15005315254899,6.76149174700336,0,1,1,0,1231.67,1291.4747,-59.80473144531243,Test,-80.6782207511094
5,811.0,952.39,162.2,190.478,907046.7121,657721.0,4055.0,16443025.0,8.46841252720168,13.557242668882994,6.858974614767581,0,1,1,0,1608.6,1533.4735,75.12648925781241,Test,153.88603791447963
5,751.0,407.43,150.2,81.486,165999.2049,564001.0,3755.0,14100025.0,7.619307051218187,12.631274790548222,6.009869138784087,0,1,1,0,1063.46,977.3483,86.11167236328129,Test,53.34756671322202
5,414.0,967.0,82.8,193.4,935089.0,171396.0,2070.0,4284900.0,8.483636407887394,12.90006446927861,6.874198495453294,0,1,1,0,1368.94,1295.5327,73.40728515625005,Test,70.1241563244414
8,862.0,1817.85,107.75,227.23125,3304578.6224999996,743044.0,6896.0,47554816.0,9.584851304762442,14.264665033746299,7.505409763082606,0,1,0,1,1719.37,1778.8701,-59.50011718750011,Test,-119.64929954421063
12,781.0,1159.18,65.08333333333333,96.59833333333334,1343698.2724000001,609961.0,9372.0,87834384.0,9.54037478736751,13.716043287419197,7.055468137579511,0,1,0,0,1752.72,1832.2437,-79.52365234374997,Test,-48.58588017465013
11,916.0,1036.91,83.27272727272727,94.26454545454546,1075182.3481,839056.0,10076.0,101525776.0,9.341895688447645,13.764016780323404,6.944000415649274,0,1,0,0,2098.07,1973.3109,124.75908691406266,Test,329.19890392519915
9,954.0,1483.39,106.0,164.82111111111112,2200445.8921000003,910116.0,8586.0,73719396.0,9.4993098653459,14.162748959457966,7.30208528800968,0,1,0,0,2024.2,1949.1755,75.02446289062505,Test,119.12136218755563
12,765.0,1343.97,63.75,111.9975,1806255.3609,585225.0,9180.0,84272400.0,9.688289849193398,13.843259033231933,7.203383199405397,0,1,0,0,1953.03,1897.1313,55.89865234374997,Test,83.38643026539353
3,981.0,341.45,327.0,113.81666666666666,116588.1025,962361.0,2943.0,8661249.0,6.931813544075208,12.72177371497246,5.833201255407098,0,0,0,0,813.95,756.9753,56.974719238281295,Test,-40.06199084773448
7,748.0,241.73,106.85714285714286,34.53285714285714,58433.39289999999,559504.0,5236.0,27415696.0,7.433731549873323,12.105224378792487,5.487821400818009,0,1,0,0,971.31,1042.6995,-71.38946289062505,Test,-7.25981437207065
2,713.0,740.33,356.5,370.165,548088.5089,508369.0,1426.0,2033476.0,7.3002432132997646,13.176577453154115,6.60709603273982,0,0,0,0,1048.28,984.8394,63.44058349609372,Test,25.629602988856504
2,782.17,830.72,391.085,415.36,690095.7184,611789.9088999999,1564.34,2447159.6355999997,7.415439975195561,13.38436490285921,6.7222927946356155,0,0,0,0,1165.44,1057.9733,107.46673339843755,Test,49.972478681281245
2,851.68,473.96,425.84,236.98,224638.08159999998,725358.8224,1703.36,2901435.2896,6.854270110508485,12.908333799372986,6.161122929948539,0,0,0,0,650.68,709.0373,-58.3572924804688,Test,-189.20070870242
5,198.21,594.83,39.642,118.96600000000001,353822.72890000005,39287.2041,991.0500000000001,982180.1025,7.997713562869913,11.677602725145716,6.388275650435813,0,1,1,0,807.48,738.32275,69.15724609375002,Test,-113.32149238765851
7,237.33,1262.27,33.90428571428571,180.3242857142857,1593325.5529,56325.528900000005,1661.3100000000002,2759950.9161,9.08657711539054,12.61011854403664,7.140666966335226,0,1,0,0,1452.17,1504.5139,-52.34391601562493,Test,-20.260049186197648
8,302.24,1046.04,37.78,130.755,1094199.6816,91349.0176,2417.92,5846337.1264,9.032208426491321,12.663988288564685,6.952766884811485,0,1,0,1,1353.77,1404.4999,-50.72987792968752,Test,-30.00826040261859
8,266.87,252.08,33.35875,31.51,63544.326400000005,71219.5969,2134.96,4558054.2016,7.609188039128855,11.116508145893402,5.529746497449019,0,1,0,1,880.41,815.7806,64.62942138671872,Test,117.03799245403286
9,97.85,518.56,10.872222222222222,57.617777777777775,268904.47359999997,9574.6225,880.65,775544.4225,8.448280316729456,10.834491433235323,6.251055739393237,0,1,0,0,850.57,783.81396,66.75603515625005,Test,-134.74784017993477
6,806.0,1760.64,134.33333333333334,293.44,3099853.2096,649636.0,4836.0,23386896.0,9.26519212752421,14.165516400802783,7.473432658296155,0,1,0,0,1718.76,1783.1139,-64.35389160156251,Test,-85.74926922467353
7,1010.0,1514.03,144.28571428571428,216.29,2292286.8408999997,1020100.0,7070.0,49984900.0,9.268440397915837,14.24023585869583,7.322530248860524,0,1,0,0,2063.98,2006.1499,57.83009765625002,Test,192.34229796068985
8,892.0,1768.53,111.5,221.06625,3127698.3608999997,795664.0,7136.0,50922496.0,9.557345513709906,14.27137010461008,7.47790397203007,0,1,0,1,1902.37,1839.2573,63.11267578124989,Test,53.36831863786733
9,1012.0,1429.04,112.44444444444444,158.78222222222223,2042155.3216,1024144.0,9108.0,82955664.0,9.46198274647685,14.18444201898804,7.264758169140629,0,1,0,0,1880.76,1931.4999,-50.73987792968751,Test,-31.31485493036621
6,909.0,1332.18,151.5,222.03,1774703.5524000002,826281.0,5454.0,29746116.0,8.986331446333594,14.006917071283018,7.194571977105539,0,1,0,0,1720.21,1781.3917,-61.181723632812464,Test,-31.49747163641632
6,907.0,1650.17,151.16666666666666,275.02833333333336,2723061.0289000003,822649.0,5442.0,29615364.0,9.200393061118454,14.218776042005537,7.4086335918904,0,1,0,0,1737.86,1813.6453,-75.7852636718751,Test,-92.34055468796373
7,1006.0,1181.33,143.71428571428572,168.76142857142855,1395540.5688999998,1012036.0,7042.0,49589764.0,9.020306350437766,13.988133552042136,7.074396201382452,0,1,0,0,2279.82,2166.4177,113.40227539062516,Test,525.4318242156721
11,1179.0,31.36,107.18181818181819,2.850909090909091,983.4495999999999,1390041.0,12969.0,168194961.0,5.843428468280577,10.517955096019579,3.445533195482207,0,1,0,0,1550.55,1497.0715,53.478466796874955,Test,313.33007058198996
6,383.0,462.79,63.833333333333336,77.13166666666667,214174.5841,146689.0,2298.0,5280804.0,7.929032856708251,12.085308376660842,6.137273387480197,0,1,0,0,800.3,874.5357,-74.2357055664063,Test,-177.8439604573391
8,1005.0,1391.37,125.625,173.92125,1935910.4768999997,1010025.0,8040.0,64641600.0,9.317485693919254,14.150786972732595,7.238044152239419,0,1,0,1,1987.39,1936.9774,50.4125830078126,Test,165.45092676262811
5,1076.0,190.33,215.2,38.066,36225.50890000001,1157776.0,5380.0,28944400.0,6.858197320133793,12.229765148421423,5.248759407699692,0,1,1,0,879.65,938.8095,-59.15950927734377,Test,-58.7237730694618
7,948.0,657.17,135.42857142857142,93.88142857142857,431872.4088999999,898704.0,6636.0,44036496.0,8.433852885972012,13.34229723917172,6.487942736916698,0,1,0,0,1578.97,1491.8618,87.10818359375003,Test,177.32130017513896
8,488.0,439.7,61.0,54.9625,193336.09,238144.0,3904.0,15241216.0,8.1655342178666,12.27640808203991,6.086092676186764,0,1,0,1,1030.13,945.33093,84.79906738281261,Test,5.998895212294656
5,733.0,41.18,146.6,8.236,1695.7924,537289.0,3665.0,13432225.0,5.327390614033744,10.315098403486294,3.717952701599643,0,1,1,0,771.83,825.4202,-53.59022705078121,Test,-29.158996256340515
10,621.0,978.73,62.1,97.873,957912.4129,385641.0,6210.0,38564100.0,9.188840905862946,13.317586894802378,6.8862558128689,0,1,0,0,1656.28,1547.603,108.67697265624997,Test,72.06501201623519
13,1004.0,1757.75,77.23076923076923,135.21153846153845,3089685.0625,1008016.0,13052.0,170354704.0,10.036739218540808,14.383537161330946,7.47178986107927,0,1,0,0,1960.67,2011.4906,-50.82060058593743,Test,-130.34821001000546
8,962.0,1929.63,120.25,241.20375,3723471.9369000006,925444.0,7696.0,59228416.0,9.644525095355526,14.434098004341397,7.565083553675691,0,1,0,1,1897.19,1828.5001,68.68987792968755,Test,25.800523639532685
14,516.0,1464.67,36.857142857142854,104.61928571428572,2145258.2089000004,266256.0,7224.0,52186176.0,9.928442569719794,13.535492005586097,7.289385240104535,0,1,0,0,1842.1,1917.4526,-75.35263671875009,Test,1.4664995942898713
11,685.0,2272.75,62.27272727272727,206.61363636363637,5165392.5625,469225.0,7535.0,56776225.0,10.126641103800338,14.258164669264193,7.728745831001968,0,1,0,0,1873.94,1823.3505,50.589536132812555,Test,59.580452063037455
4,1124.0,2177.18,281.0,544.295,4740112.7524,1263376.0,4496.0,20214016.0,9.072080101527142,14.710434770860887,7.685785740407251,0,0,0,0,1567.43,1624.9312,-57.501152343749936,Test,-123.23451711360804
8,1173.0,671.25,146.625,83.90625,450576.5625,1375929.0,9384.0,88059456.0,8.58858318750291,13.57646149447655,6.509141645823075,0,1,0,1,1419.34,1477.5227,-58.18270507812508,Test,-56.06389600397529
5,516.0,1450.67,103.2,290.134,2104443.4489,266256.0,2580.0,6656400.0,8.889218710093248,13.52588756314071,7.279780797659146,0,1,1,0,1547.5,1600.5275,-53.0274658203125,Test,-16.550504649896084
11,772.0,932.31,70.18181818181819,84.75545454545454,869201.9360999999,595984.0,8492.0,72114064.0,9.2355606502046,13.486649927431007,6.83766537740623,0,1,0,0,1575.52,1726.8632,-151.34315917968752,Test,-70.36478315310569
4,886.0,2401.28,221.5,600.32,5766145.6384000005,784996.0,3544.0,12559936.0,9.170051568617586,14.570474158102776,7.783757207497696,0,0,0,0,1698.0,1644.0842,53.915771484375,Test,153.1740054284603
3,892.0,171.32,297.3333333333333,57.10666666666666,29350.5424,795664.0,2676.0,7160976.0,6.24214544141528,11.936999285327179,5.14353315274717,0,0,0,0,875.39,794.0628,81.32719482421874,Test,187.57300060348382
10,459.0,2183.11,45.9,218.311,4765969.272100001,210681.0,4590.0,21068100.0,9.991090837646912,13.817555954713411,7.688505744652866,0,1,0,0,1559.59,1614.4149,-54.82491699218758,Test,-161.1840462528321
4,725.0,588.9,181.25,147.225,346803.20999999996,525625.0,2900.0,8410000.0,7.7645507510704155,12.9644280448052,6.378256389950525,0,0,0,0,1097.95,1027.5809,70.36906738281255,Test,53.84924376402705
11,706.0,1508.23,64.18181818181819,137.1118181818182,2274757.7329,498436.0,7766.0,60310756.0,9.716587329630194,13.878307294325067,7.318692056831824,0,1,0,0,2030.59,1963.2329,67.35708984374992,Test,165.59715346500047
12,882.0,1958.14,73.5,163.17833333333334,3834312.2596000005,777924.0,10584.0,112021056.0,10.06465697185452,14.36194237807331,7.579750322066519,0,1,0,0,1944.88,1891.0466,53.83336914062511,Test,-51.65651777070411
7,623.0,1691.39,89.0,241.62714285714287,2860800.1321000005,388129.0,4361.0,19018321.0,9.379216104123927,13.867852473856066,7.433305955068613,0,1,0,0,1800.86,1738.5485,62.3115380859374,Test,44.00451938999663
12,218.0,486.02,18.166666666666668,40.501666666666665,236215.4404,47524.0,2616.0,6843456.0,8.671156425105137,11.570744838106226,6.186249775317137,0,1,0,0,1005.67,935.7396,69.93037597656246,Test,-88.80225158756332
4,305.0,125.79,76.25,31.4475,15823.1241,93025.0,1220.0,1488400.0,6.220908210970672,10.554925626458193,4.834613849850781,0,0,0,0,664.43,587.52466,76.90534179687495,Test,183.46508192937324
12,104.0,1300.05,8.666666666666666,108.33749999999999,1690130.0025,10816.0,1248.0,1557504.0,9.655064654036464,11.814548903389836,7.170158004248464,0,1,0,0,1779.92,1726.1852,53.73481933593757,Test,216.085985395634
1,303.0,931.53,303.0,931.53,867748.1409,91809.0,303.0,91809.0,6.8368283956422,12.550561201151568,6.8368283956422,0,0,0,0,857.42,916.75555,-59.33555419921879,Test,-35.42255630207194
9,938.0,2224.29,104.22222222222223,247.14333333333332,4947466.0041,879844.0,8442.0,71267364.0,9.904417619889367,14.550942991559372,7.707193042553148,0,1,0,0,1913.87,1832.5178,81.35217773437489,Test,32.99779905789114
3,471.0,288.19,157.0,96.06333333333333,83053.4761,221841.0,1413.0,1996569.0,6.762232273505236,11.818478078853545,5.663619984837126,0,0,0,0,535.67,595.39087,-59.72086914062504,Test,-81.32465311383851
3,781.0,1801.38,260.3333333333333,600.46,3244969.9044000003,609961.0,2343.0,5489649.0,8.594920605480267,14.156883466651843,7.496308316812158,0,0,0,0,1586.21,1531.2161,54.993935546875036,Test,9.111361693057688
3,1096.0,200.27,365.3333333333333,66.75666666666667,40108.07290000001,1201216.0,3288.0,10810944.0,6.398278744785442,12.299088923625293,5.299666456117333,0,0,0,0,802.96,748.41187,54.548134765625036,Test,35.34080047910811
10,831.0,39.86,83.1,3.9859999999999998,1588.8196,690561.0,8310.0,69056100.0,5.987958407778694,10.408003109640097,3.685373314784649,0,1,0,0,982.64,1056.1198,-73.47975097656251,Test,-62.36097618296196
11,927.0,1306.37,84.27272727272727,118.76090909090908,1706602.5768999998,859329.0,10197.0,103978809.0,9.572902850320775,14.00696114308826,7.175007577522404,0,1,0,0,1804.68,1883.6338,-78.95378906249994,Test,-94.04407618221808
5,781.0,672.91,156.2,134.582,452807.86809999996,609961.0,3905.0,15249025.0,8.121049503567138,13.172186740972723,6.511611591133038,0,1,1,0,1125.36,1208.9916,-83.6315771484376,Test,-119.75752909550624
11,667.0,1915.95,60.63636363636363,174.17727272727274,3670864.4025000003,444889.0,7337.0,53831569.0,9.955864134955267,14.06075890807252,7.557968862156896,0,1,0,0,1732.2,1790.3466,-58.146557617187455,Test,-147.80011376992252
13,529.0,1767.79,40.69230769230769,135.98384615384614,3125081.4841,279841.0,6877.0,47293129.0,10.042434815323883,13.748473889720646,7.477485457862347,0,1,0,0,2015.18,1926.5382,88.64179199218756,Test,146.8062586530275
9,1155.0,1346.4,128.33333333333334,149.60000000000002,1812792.9600000002,1334025.0,10395.0,108056025.0,9.402414220212815,14.25704526583249,7.205189642876596,0,1,0,0,2248.12,2188.015,60.10510742187489,Test,311.0104728634533
5,763.0,1420.94,152.6,284.188,2019070.4836000002,582169.0,3815.0,14554225.0,8.868511815853687,13.896331934704042,7.259073903419585,0,1,1,0,1777.14,1707.1726,69.9673925781251,Test,120.95392157344781
14,1138.0,518.18,81.28571428571429,37.012857142857136,268510.51239999995,1295044.0,15932.0,253828624.0,8.889380001861444,13.287350286932462,6.2503226722461855,0,1,0,0,1696.86,1644.2854,52.5745996093749,Test,84.21163825334861
13,112.0,2299.56,8.615384615384615,176.88923076923078,5287976.1936,12544.0,1456.0,2119936.0,10.305422436729941,12.458971950563498,7.740473079268404,0,1,0,0,1807.67,1757.1957,50.47432128906257,Test,205.4907903509304
10,796.0,1352.08,79.6,135.208,1828120.3264,633616.0,7960.0,63361600.0,9.511984519444018,13.888998612294355,7.209399426449973,0,1,0,0,2000.19,1908.7444,91.44561523437505,Test,167.673807530869
10,215.0,2440.91,21.5,244.09099999999998,5958041.628099999,46225.0,2150.0,4622500.0,10.102711292572096,13.170764227705712,7.80012619957805,0,1,0,0,1638.66,1583.8784,54.78158203125008,Test,121.99051495316644
14,777.0,1248.61,55.5,89.18642857142856,1559026.9320999999,603729.0,10878.0,118330884.0,9.768843541180876,13.785226561933266,7.1297862115656185,0,1,0,0,1837.25,1899.0953,-61.8453369140625,Test,-56.12105617215957
6,884.0,1798.31,147.33333333333334,299.7183333333333,3233918.8561,781456.0,5304.0,28132416.0,9.286362083191174,14.279059676600763,7.494602613963119,0,1,0,0,1897.87,1843.8914,53.97864257812489,Test,63.89533005303065
5,654.0,1272.89,130.8,254.57800000000003,1620248.9521000003,427716.0,3270.0,10692900.0,8.758483097202955,13.632152536226053,7.1490451847688545,0,1,1,0,1724.68,1648.5114,76.16864746093756,Test,163.8313379993408
9,1080.0,539.51,120.0,59.94555555555556,291071.0401,1166400.0,9720.0,94478400.0,8.487885897543812,13.275377640325857,6.290661320207592,0,1,0,0,1306.91,1385.6707,-78.76065429687492,Test,-110.61859433542963
14,1100.0,237.69,78.57142857142857,16.977857142857143,56496.5361,1210000.0,15400.0,237160000.0,8.110024633260519,12.474032762431722,5.47096730364526,0,1,0,0,1265.57,1316.9723,-51.402290039062564,Test,-89.80868130240151
12,398.0,2481.44,33.166666666666664,206.78666666666666,6157544.4736,158404.0,4776.0,22810176.0,10.301500965599143,13.80304632109558,7.816594315811143,0,1,0,0,1755.18,1692.9193,62.260688476562564,Test,131.0229108350427
11,815.0,2385.6,74.0909090909091,216.87272727272727,5691087.359999999,664225.0,8965.0,80371225.0,10.175101216808844,14.480394057251337,7.777205944010474,0,1,0,0,1872.44,1819.0115,53.428525390625055,Test,45.51646898260719
8,200.0,1508.89,25.0,188.61125,2276749.0321000004,40000.0,1600.0,2560000.0,9.398571101833058,12.617446926701259,7.319129560153222,0,1,0,1,1461.33,1542.5447,-81.21467773437507,Test,-56.44368704259546
10,773.0,865.92,77.3,86.592,749817.4463999999,597529.0,7730.0,59752900.0,9.066377618536414,13.41407157412979,6.763792525542368,0,1,0,0,1837.11,1728.3998,108.7102197265624,Test,260.63061939635054
5,477.0,655.24,95.4,131.048,429339.4576,227529.0,2385.0,5688225.0,8.094439493170531,12.652518071624772,6.485001580736431,0,1,1,0,935.38,990.8219,-55.441899414062505,Test,-170.72198071788955
5,828.0,1606.84,165.6,321.368,2581934.7855999996,685584.0,4140.0,17139600.0,8.991462708809024,14.101037950760183,7.382024796374923,0,1,1,0,1690.82,1754.0748,-63.254829101562564,Test,-33.294552949213085
11,458.0,1364.29,41.63636363636363,124.02636363636363,1861287.2041,209764.0,5038.0,25381444.0,9.616284698574155,13.34525860988997,7.2183894257757855,0,1,0,0,1649.04,1710.9725,-61.932534179687536,Test,-68.2374113052906
14,487.0,579.29,34.785714285714285,41.37785714285714,335576.9041,237169.0,6818.0,46485124.0,9.000860545355827,12.550067338823158,6.361803215740569,0,1,0,0,1516.68,1449.9012,66.77875488281256,Test,180.63425137291574
11,708.0,1871.77,64.36363636363636,170.1609090909091,3503522.9329,501264.0,7788.0,60652944.0,9.932535059039738,14.097083879935086,7.5346397862413665,0,1,0,0,1916.37,1845.1605,71.20947753906239,Test,16.249247043517016
10,683.0,2442.92,68.3,244.292,5967858.1264,466489.0,6830.0,46648900.0,10.103534417092598,14.327444183669344,7.8009493240985535,0,1,0,0,1643.68,1697.2853,-53.605278320312436,Test,-77.24564118582839
5,392.0,1264.6,78.4,252.92,1599213.1599999997,153664.0,1960.0,3841600.0,8.751949058058614,13.113772985414975,7.142511145624513,0,1,1,0,1465.72,1530.6484,-64.92843749999997,Test,23.419527312943274
7,577.0,1959.13,82.42857142857143,279.8757142857143,3838190.3569000005,332929.0,4039.0,16313521.0,9.526165925186055,13.93809804263884,7.58025577613074,0,1,0,0,1603.6,1672.6431,-69.04306640625009,Test,-134.4740900874433
13,889.0,232.72,68.38461538461539,17.90153846153846,54158.5984,790321.0,11557.0,133564249.0,8.014785371648482,12.23993324970085,5.449836014186946,0,1,0,0,1394.38,1324.7034,69.67663085937511,Test,186.19496309301508
7,901.0,136.8,128.71428571428572,19.542857142857144,18714.24,811801.0,6307.0,39778249.0,6.864430154243763,11.722025262796787,4.918520005188451,0,1,0,0,1222.6,1143.6064,78.99355468749991,Test,258.0540941809238
11,667.0,2221.67,60.63636363636363,201.97,4935817.588900001,444889.0,7337.0,53831569.0,10.103909717117038,14.208804490234291,7.706014444318668,0,1,0,0,1872.89,1792.9381,79.9518896484376,Test,49.9219796886191
11,955.0,1282.19,86.81818181818181,116.56272727272727,1644011.1961,912025.0,10505.0,110355025.0,9.55422010522581,14.01803617290817,7.156324832427439,0,1,0,0,2000.42,1946.821,53.59895507812507,Test,99.06288689949815
3,1013.0,166.52,337.6666666666667,55.50666666666667,27728.910400000004,1026169.0,3039.0,9235521.0,6.213727710994885,12.035786926575458,5.115115422326775,0,0,0,0,711.07,765.06696,-53.9969555664062,Test,-10.360214936558009
3,712.0,512.23,237.33333333333334,170.74333333333334,262379.5729,506944.0,2136.0,4562496.0,7.337386031589082,12.806851654332947,6.238773742920972,0,0,0,0,751.16,804.9667,-53.80667480468753,Test,-164.22357130562057
3,98.0,871.46,32.666666666666664,290.4866666666667,759442.5316000001,9604.0,294.0,86436.0,7.8687822546976225,11.355137444700084,6.7701699660295125,0,0,0,0,866.05,937.59827,-71.54826660156255,Test,-45.0137164176881
4,463.0,1963.41,115.75,490.8525,3854978.8281000005,214369.0,1852.0,3429904.0,8.968732397571005,13.720165090537348,7.582438036451115,0,0,0,0,1607.34,1530.2244,77.11563476562492,Test,120.54400064192896
7,981.0,658.85,140.14285714285714,94.12142857142858,434083.3225,962361.0,6867.0,47155689.0,8.436406040046574,13.379068350556624,6.490495890991261,0,1,0,0,1351.69,1431.1967,-79.50665527343745,Test,-62.54960055959782
13,710.0,2223.86,54.61538461538461,171.06615384615387,4945553.2996000005,504100.0,9230.0,85192900.0,10.27194906121031,14.272264673784134,7.706999703748774,0,1,0,0,1979.83,1895.3198,84.51017578124993,Test,89.8331440131708
3,133.0,1728.5,44.333333333333336,576.1666666666666,2987712.25,17689.0,399.0,159201.0,8.553621548029788,12.345358387583433,7.455009259361679,0,0,0,0,1373.4,1309.9896,63.41037597656259,Test,96.51409677697507
13,632.0,268.91,48.61538461538461,20.685384615384617,72312.58810000001,399424.0,8216.0,67502656.0,8.159326108590808,12.043266145276128,5.59437675112927,0,1,0,0,1396.28,1316.6901,79.58993652343747,Test,279.936719441941
10,793.0,1422.29,79.3,142.22899999999998,2022908.8440999999,628849.0,7930.0,62884900.0,9.562608620680011,13.935846749320815,7.260023527685966,0,1,0,0,2007.62,1911.8981,95.72192871093739,Test,154.20800159340297
5,716.0,1111.23,143.2,222.246,1234832.1129,512656.0,3580.0,12816400.0,8.622660701349972,13.586902955876518,7.013222788915872,0,1,1,0,1492.08,1600.4045,-108.32454101562507,Test,-18.116141033996882
12,211.0,749.56,17.583333333333332,62.46333333333333,561840.1935999999,44521.0,2532.0,6411024.0,9.104393017495465,11.971344501183532,6.619486367707465,0,1,0,0,1285.23,1212.5437,72.68629882812502,Test,-16.352485592258972
10,797.0,1706.73,79.7,170.673,2912927.2929000002,635209.0,7970.0,63520900.0,9.744919631045953,14.123189216842123,7.442334538051908,0,1,0,0,1724.42,1816.9078,-92.48783691406243,Test,-183.8748850904817
5,104.0,281.67,20.8,56.334,79337.98890000001,10816.0,520.0,270400.0,7.250174085372667,10.285127072079938,5.640736172938566,0,1,1,0,464.68,529.23676,-64.55675537109374,Test,-135.88479644536648
10,877.0,1711.12,87.7,171.112,2927931.6543999994,769129.0,8770.0,76912900.0,9.747488498851249,14.221410398229386,7.444903405857203,0,1,0,0,1897.37,1823.2743,74.09570800781239,Test,-43.76382433046729
11,1106.0,2250.54,100.54545454545455,204.59454545454545,5064930.2916,1223236.0,12166.0,148011556.0,10.116820739201444,14.727430648485353,7.718925466403073,0,1,0,0,2050.62,1986.8392,63.78076660156239,Test,50.6139382321237
3,1158.0,1107.4,386.0,369.1333333333334,1226334.7600000002,1340964.0,3474.0,12068676.0,8.108382493056977,14.064219862521808,7.009770204388867,0,0,0,0,1361.3,1414.1202,-52.820239257812545,Test,-122.82433222878694
8,836.0,735.52,104.5,91.94,540989.6704,698896.0,6688.0,44729344.0,8.680019273737754,13.32920634514262,6.600577732057918,0,1,0,1,1606.63,1548.0507,58.57934082031261,Test,199.64774363233892
8,544.0,1279.51,68.0,159.93875,1637145.8401,295936.0,4352.0,18939904.0,9.233674012802089,13.453181717978195,7.154232471122253,0,1,0,1,1483.77,1561.7861,-78.01613281250002,Test,-119.43816663727534
14,94.0,105.94,6.714285714285714,7.567142857142857,11223.283599999999,8836.0,1316.0,1731856.0,7.301930225731639,9.206167678386384,4.66287289611638,0,1,0,0,1180.63,1129.0798,51.55016601562511,Test,375.84300162758063
4,1113.0,2103.82,278.25,525.955,4426058.5924,1238769.0,4452.0,19820304.0,9.03780437998697,14.666324370142624,7.651510018867079,0,0,0,0,1695.08,1631.3875,63.69254882812493,Test,-8.712213210655818
14,267.0,2090.21,19.071428571428573,149.3007142857143,4368977.8441,71289.0,3738.0,13972644.0,10.284077147995392,13.232268476780382,7.645019818380133,0,1,0,0,1968.4,1886.6616,81.73837890625009,Test,220.28009101899193
2,521.0,467.19,260.5,233.595,218266.4961,271441.0,1042.0,1085764.0,6.839883207735302,12.402486068928724,6.146736027175357,0,0,0,0,667.85,592.87695,74.97304687500002,Test,-47.31755519171486
3,269.0,708.05,89.66666666666667,236.01666666666665,501334.80249999993,72361.0,807.0,651249.0,7.661127001337177,12.157226092270907,6.562514712669068,0,0,0,0,799.12,746.8814,52.238591308593755,Test,-82.57770664069278
7,1168.0,667.94,166.85714285714286,95.42,446143.8436000001,1364224.0,8176.0,66846976.0,8.450108498198588,13.567246512531447,6.504198349143274,0,1,0,0,1639.55,1570.3453,69.20466308593745,Test,158.62923363463938
7,951.0,584.4,135.85714285714286,83.48571428571428,341523.36,904401.0,6657.0,44315649.0,8.316495828931858,13.228099742421934,6.370585679876545,0,1,0,0,1253.76,1329.9443,-76.18433593750001,Test,-90.21586649430719
5,778.0,2423.47,155.6,484.69399999999996,5873206.840899999,605284.0,3890.0,15132100.0,9.402393588851908,14.4496822005962,7.792955676417808,0,1,1,0,1643.96,1710.1238,-66.16377929687496,Test,46.52569214868049
11,958.0,1999.13,87.0909090909091,181.73909090909092,3996520.7569000004,917764.0,10538.0,111049444.0,9.998362637700506,14.465315142872996,7.600467364902136,0,1,0,0,1900.18,1824.5577,75.62226074218756,Test,-95.26098654217003
12,852.0,1957.9,71.0,163.15833333333333,3833372.41,725904.0,10224.0,104530176.0,10.064534399051228,14.327214276092542,7.579627749263228,0,1,0,0,1944.89,1885.7784,59.1115576171876,Test,-38.19347412233583
10,834.0,1820.8,83.4,182.07999999999998,3315312.6399999997,695556.0,8340.0,69555600.0,9.809616336926057,14.233264646290758,7.507031243932012,0,1,0,0,1883.49,1801.7498,81.74024414062501,Test,-44.62234429777095
7,671.0,1262.85,95.85714285714286,180.40714285714284,1594790.1224999998,450241.0,4697.0,22061809.0,9.087036499507096,13.649895487423464,7.141126350451783,0,1,0,0,1600.42,1680.3049,-79.88493164062493,Test,-66.41757331933127
9,52.0,350.58,5.777777777777778,38.95333333333333,122906.33639999999,2704.0,468.0,219024.0,8.05681350313062,9.810832644375829,5.859588925794401,0,1,0,0,601.81,666.43365,-64.6236547851563,Test,-216.97031380672888
8,792.0,2437.24,99.0,304.655,5940138.817599999,627264.0,6336.0,40144896.0,9.878063072195879,14.473182922330468,7.7986215305160425,0,1,0,1,1556.7,1609.8555,-53.155468749999955,Test,-115.57324894157864
5,831.0,432.8,166.2,86.56,187315.84,690561.0,4155.0,17264025.0,7.679713639966372,12.79290552238772,6.070275727532271,0,1,1,0,901.36,963.9386,-62.578598632812486,Test,-160.40223344938715
9,1078.0,161.85,119.77777777777777,17.983333333333334,26195.422499999997,1162084.0,9702.0,94128804.0,7.283894557708472,12.069532731841196,5.086669980372253,0,1,0,0,1260.96,1196.5679,64.39212890625004,Test,153.47699242803083
11,437.0,1053.24,39.72727272727273,95.74909090909091,1109314.4976000001,190969.0,4807.0,23107249.0,9.357521679190397,13.039559601487616,6.959626406392027,0,1,0,0,1630.47,1542.9661,87.50393554687503,Test,58.92100229514631
9,1000.0,1901.79,111.11111111111111,211.31,3616805.2040999997,1000000.0,9000.0,81000000.0,9.747775404251275,14.458306105897192,7.550550826915055,0,1,0,0,1778.65,1838.5277,-59.87770996093741,Test,-183.25124225474815
10,5.0,1094.06,0.5,109.40599999999999,1196967.2836,25.0,50.0,2500.0,9.30023591907901,8.607088738519064,6.997650826084963,0,1,0,0,1361.08,1416.8259,-55.74592773437507,Test,-11.720751322974593
12,931.0,864.21,77.58333333333333,72.0175,746858.9241000001,866761.0,11172.0,124813584.0,9.246722444614395,13.598075072103462,6.761815794826395,0,1,0,0,1663.58,1745.1234,-81.54341308593757,Test,-36.6687800454481
6,436.0,914.53,72.66666666666667,152.42166666666665,836365.1209,190096.0,2616.0,6843456.0,8.610169741332282,12.896052515453261,6.818410272104226,0,1,0,0,1389.11,1314.3314,74.7785791015624,Test,38.54289467306148
3,1074.0,247.32,358.0,82.44,61167.1824,1153476.0,3222.0,10381284.0,6.609295333358478,12.489828319759178,5.510683044690368,0,0,0,0,636.02,710.3536,-74.33357666015627,Test,-162.87757037438996
9,896.0,1398.54,99.55555555555556,155.39333333333332,1955914.1316,802816.0,8064.0,65028096.0,9.440408691642853,14.041124527281564,7.243184114306633,0,1,0,0,1727.1,1818.0682,-90.96823730468759,Test,-132.42447453585464
10,532.0,1223.36,53.2,122.33599999999998,1496609.6895999997,283024.0,5320.0,28302400.0,9.411941543502094,13.385999939849691,7.109356450508048,0,1,0,0,1631.49,1700.4319,-68.94188476562499,Test,-40.37408618597806
8,403.0,654.97,50.375,81.87125,428985.70090000005,162409.0,3224.0,10394176.0,8.564030974739449,12.483525995006296,6.484589433059613,0,1,0,1,895.14,981.9383,-86.79829345703126,Test,-270.3269338485262
13,564.0,2245.56,43.38461538461539,172.73538461538462,5042539.713599999,318096.0,7332.0,53758224.0,10.281659569739235,14.051764463775756,7.716710212277698,0,1,0,0,1745.09,1831.7665,-86.67647949218758,Test,-71.15606524249597
2,752.0,958.29,376.0,479.145,918319.7240999999,565504.0,1504.0,2262016.0,7.558297626709645,13.48788677009954,6.865150446149699,0,0,0,0,1144.41,1209.9487,-65.53873046874992,Test,-50.531848019275
8,1142.0,776.74,142.75,97.0925,603325.0276,1304164.0,9136.0,83466496.0,8.734547215714986,13.695642064251105,6.65510567403515,0,1,0,1,1827.44,1719.1412,108.29876464843755,Test,282.66446099014865
5,332.0,218.03,66.4,43.606,47537.0809,110224.0,1660.0,2755600.0,6.994070580434057,11.189767636916445,5.3846326679999565,0,1,1,0,801.73,748.9389,52.79109619140627,Test,133.9700898898525
7,950.0,1739.62,135.71428571428572,248.51714285714283,3026277.7443999997,902500.0,6650.0,44222500.0,9.407332126608546,14.31788396214782,7.461421977553233,0,1,0,0,2032.23,1951.1964,81.03358886718752,Test,147.59682472062968
9,223.0,1916.03,24.77777777777778,212.89222222222222,3671170.9609,49729.0,2007.0,4028049.0,9.755235193364488,12.965182387488387,7.558010616028269,0,1,0,0,1623.73,1566.9426,56.78737304687502,Test,-11.36529341552
9,803.0,880.17,89.22222222222223,97.79666666666667,774699.2288999999,644809.0,7227.0,52229529.0,8.97733964796945,13.468469784579991,6.780115070633229,0,1,0,0,1589.75,1675.5208,-85.770751953125,Test,19.30309448472758
11,293.0,285.14,26.636363636363637,25.921818181818182,81304.81959999999,85849.0,3223.0,10387729.0,8.050875560524185,11.333152896742883,5.652980287725815,0,1,0,0,966.87,901.47705,65.39294921875,Test,35.95517836377746
11,859.0,146.71,78.0909090909091,13.337272727272728,21523.8241,737881.0,9449.0,89283601.0,7.386353121949924,11.744226771135809,4.988457849151553,0,1,0,0,1267.98,1213.2085,54.77150390625002,Test,191.55763057519584
14,1020.0,510.33,72.85714285714286,36.45214285714285,260436.7089,1040400.0,14280.0,203918400.0,8.874114904904859,13.162615481567919,6.235057575289601,0,1,0,0,1406.95,1469.3815,-62.431469726562455,Test,-135.09420915865962
4,1001.0,739.08,250.25,184.77,546239.2464000001,1002001.0,4004.0,16032016.0,7.991700530606843,13.514160948802173,6.605406169486952,0,0,0,0,1116.31,1178.0938,-61.783750000000055,Test,-142.32731030304558
5,351.0,407.74,70.2,81.548,166251.9076,123201.0,1755.0,3080025.0,7.620067628803093,11.871415939834858,6.010629716368993,0,1,1,0,883.11,817.3689,65.74110351562501,Test,45.50490820503535
6,384.0,1656.04,64.0,276.00666666666666,2742468.4816,147456.0,2304.0,5308416.0,9.203943958470914,13.362827041830586,7.412184489242859,0,1,0,0,1682.33,1614.9878,67.34220703124993,Test,64.23378489767902
10,783.0,158.93,78.3,15.893,25258.7449,613089.0,7830.0,61308900.0,7.371048946702774,11.731596549699532,5.068463853708728,0,1,0,0,993.55,1047.0162,-53.466235351562545,Test,-29.292961371465708
6,372.0,2494.69,62.0,415.7816666666667,6223478.1961,138384.0,2232.0,4981824.0,9.613679221197197,13.740813606242288,7.8219197519691415,0,1,0,0,1742.34,1661.516,80.82400878906242,Test,282.67939316770253
13,36.0,808.38,2.769230769230769,62.183076923076925,653478.2244,1296.0,468.0,219024.0,9.259981602457348,10.27855118345192,6.6950322449958115,0,1,0,0,1190.16,1250.788,-60.62796386718742,Test,-105.3857835217027
14,595.0,1818.77,42.5,129.91214285714287,3307924.3129,354025.0,8330.0,69388900.0,10.144973057038174,13.894477132968545,7.505915727422915,0,1,0,0,1889.9,1957.581,-67.68105468749991,Test,-32.376374489420414
13,774.0,206.45,59.53846153846154,15.88076923076923,42621.60249999999,599076.0,10062.0,101243844.0,7.895007609793636,11.981630125921827,5.330058252332099,0,1,0,0,1110.0,1179.3014,-69.3013916015625,Test,-23.903327279100495
5,1120.0,1514.91,224.0,302.982,2294952.3081,1254400.0,5600.0,31360000.0,8.932549222672373,14.344195274527413,7.323111310238272,0,1,1,0,1658.97,1714.4945,-55.52450683593747,Test,-139.57325624863984
4,862.0,2335.55,215.5,583.8875,5454793.802500001,743044.0,3448.0,11888704.0,9.142297049524819,14.515257959068622,7.756002688404929,0,0,0,0,1698.94,1633.6785,65.26153320312505,Test,136.5700162131768
8,829.0,1147.89,103.625,143.48625,1317651.4521000003,687241.0,6632.0,43983424.0,9.125122295153101,13.76590090860856,7.045680753473265,0,1,0,1,2004.34,1942.3126,62.02737792968742,Test,344.1219599118899
12,601.0,2166.56,50.083333333333336,180.54666666666665,4693982.2336,361201.0,7212.0,52012944.0,10.165802585022515,14.079490869769721,7.680895935234514,0,1,0,0,1918.46,1859.7413,58.718666992187536,Test,85.42529023811971
5,905.0,2317.31,181.0,463.462,5369925.6361,819025.0,4525.0,20475625.0,9.357600221615646,14.556097252881472,7.748162309181546,0,1,1,0,1691.38,1747.2168,-55.83679687499989,Test,6.607817343648321
9,51.0,314.81,5.666666666666667,34.97888888888889,99105.3361,2601.0,459.0,210681.0,7.949193859575695,9.683794914963801,5.751969282239475,0,1,0,0,704.94,650.75555,54.184445800781305,Test,-82.76999666923075
6,1148.0,1525.81,191.33333333333334,254.30166666666665,2328096.1561,1317904.0,6888.0,47444544.0,9.122040164801625,14.376057272453082,7.3302806955735695,0,1,0,0,1776.48,1834.1312,-57.65122558593748,Test,-107.39394495113356
2,1189.0,1164.74,594.5,582.37,1356619.2676000001,1413721.0,2378.0,5654884.0,7.753400345686619,14.141121061817456,7.060253165126674,0,0,0,0,1666.52,1609.7999,56.72007324218748,Test,231.9691570536952
14,1020.0,1201.75,72.85714285714286,85.83928571428571,1444203.0625,1040400.0,14280.0,203918400.0,9.730591436389329,14.019092013052386,7.09153410677407,0,1,0,0,2337.73,2225.6838,112.04616210937502,Test,339.0389656314246
14,530.0,2028.06,37.857142857142854,144.86142857142858,4113027.3636,280900.0,7420.0,55056400.0,10.253892279687499,13.887711956618407,7.61483495007224,0,1,0,0,2079.14,2022.761,56.37901367187487,Test,203.9600389456084
7,316.0,141.89,45.142857142857146,20.27,20132.772099999995,99856.0,2212.0,4892944.0,6.900962258574535,10.710794323106134,4.9550521095192215,0,1,0,0,837.8,787.7496,50.050427246093705,Test,113.87855794413986
3,91.0,1640.15,30.333333333333332,546.7166666666667,2690092.0225000004,8281.0,273.0,74529.0,8.501155268718465,11.913402486567206,7.402542980050355,0,0,0,0,1338.3,1279.4247,58.875317382812455,Test,96.41374746074825
1,620.0,490.45,620.0,490.45,240541.20249999998,384400.0,620.0,384400.0,6.195323337010325,12.625042815049461,6.195323337010325,0,0,0,0,678.74,620.5832,58.15680908203126,Test,67.93885171180659
5,840.0,941.55,168.0,188.31,886516.4025,705600.0,4200.0,17640000.0,8.45696536586575,13.58092934526901,6.847527453431651,0,1,1,0,1676.48,1544.5653,131.91469238281252,Test,218.18631399412834
13,1152.0,864.45,88.61538461538461,66.49615384615385,747273.8025000001,1327104.0,14976.0,224280576.0,9.327042824012322,13.811348307806622,6.762093466550785,0,1,0,0,1797.14,1849.3268,-52.1867822265624,Test,-43.714866209207
8,897.0,1536.36,112.125,192.045,2360402.0495999996,804609.0,7176.0,51494976.0,9.416612802925924,14.136227123304884,7.3371712612460875,0,1,0,1,1944.62,1888.8918,55.72815429687489,Test,123.13700334625878
11,198.0,269.95,18.0,24.54090909090909,72873.00249999999,39204.0,2178.0,4743684.0,7.996132029462666,10.886503787358832,5.598236756664296,0,1,0,0,695.66,769.25006,-73.59006103515628,Test,-180.57230397608157
7,759.0,1694.02,108.42857142857143,242.00285714285715,2869703.7604,576081.0,5313.0,28227969.0,9.380769830573062,14.066861458913378,7.4348596815177475,0,1,0,0,1960.92,1853.0898,107.83015625000007,Test,149.60519717575198
8,936.0,556.28,117.0,69.535,309447.4384,876096.0,7488.0,56070144.0,8.400713306290246,13.162887241088002,6.32127176461041,0,1,0,1,1277.26,1342.3854,-65.12537597656251,Test,-24.75396395990515
5,644.0,2383.17,128.8,476.634,5679499.2489,414736.0,3220.0,10368400.0,9.385624725637124,14.243885539307378,7.776186813203024,0,1,1,0,1785.53,1708.3712,77.15878417968747,Test,223.18177798461966
10,498.0,992.86,49.8,99.286,985770.9796000001,248004.0,4980.0,24800400.0,9.20317476019127,13.111189744221878,6.9005896671972256,0,1,0,0,1395.03,1452.1002,-57.07021972656253,Test,-144.72544275205496
10,396.0,2068.65,39.6,206.865,4279312.822500001,156816.0,3960.0,15681600.0,9.937236592582503,13.616065710842937,7.634651499588457,0,1,0,0,1556.68,1611.6172,-54.937187499999936,Test,-162.4498302834695
7,756.0,1473.59,108.0,210.51285714285714,2171467.4880999997,571536.0,5292.0,28005264.0,9.241367028431267,13.923498255555486,7.295456879375954,0,1,0,0,1961.96,1866.5239,95.43607421875004,Test,191.23487471081353
9,800.0,39.96,88.88888888888889,4.44,1596.8016,640000.0,7200.0,51840000.0,5.885103531116572,10.37249068144828,3.687878953780353,0,1,0,0,1158.68,1097.6484,61.031562500000064,Test,155.4491017240581
13,997.0,920.48,76.6923076923077,70.80615384615385,847283.4304000001,994009.0,12961.0,167987521.0,9.38984463057652,13.729646043076821,6.824895273114984,0,1,0,0,2124.16,2053.6133,70.54671874999985,Test,323.82381968386676
11,322.0,1251.3,29.272727272727273,113.75454545454545,1565751.69,103684.0,3542.0,12545764.0,9.52983356266938,12.906489835415417,7.131938289871009,0,1,0,0,1732.46,1664.7931,67.66690917968754,Test,116.84255722825083
11,176.0,1050.67,16.0,95.51545454545455,1103907.4489000002,30976.0,1936.0,3748096.0,9.35507860769183,12.127667329931612,6.95718333489346,0,1,0,0,1444.13,1495.234,-51.10400878906239,Test,-10.55721071595758
7,309.0,1021.75,44.142857142857146,145.96428571428572,1043973.0625,95481.0,2163.0,4678569.0,8.8751822714997,12.662613399342133,6.929272122444386,0,1,0,0,1309.85,1371.3617,-61.51169433593759,Test,-79.04312717589937
8,372.0,348.37,46.5,43.54625,121361.6569,138384.0,2976.0,8856576.0,7.932706675028755,11.772158987622065,5.853265133348919,0,1,0,1,950.24,858.1714,92.06861328125001,Test,57.067621323929416
6,370.0,315.09,61.666666666666664,52.51499999999999,99281.70809999999,136900.0,2220.0,4928400.0,7.544617781530849,11.666361317941064,5.752858312302793,0,1,0,0,946.39,872.24457,74.14543212890624,Test,102.65405732172064
